accuracy,precision,recall,f1_score,model,training_time,prediction_time,best_validation_score,best_params
0.98,0.9539473684210527,0.9456521739130435,0.9497816593886463,SVM,4.305337299942039,0.2930550000164658,0.9424173713538281,"{""C"": 2.5378155082656657, ""gamma"": 0.013311216080736894}"
0.9782608695652174,0.9555555555555556,0.9347826086956522,0.945054945054945,Random Forest,1.0842911000363529,0.03155710001010448,0.9267666072060026,"{""n_estimators"": 250, ""max_depth"": 40, ""min_samples_split"": 8, ""min_samples_leaf"": 3}"
0.9760869565217392,0.9698375870069605,0.908695652173913,0.9382716049382716,XGBoost,0.5347167000873014,0.0016565999248996377,0.930464267134388,"{""n_estimators"": 250, ""max_depth"": 4, ""learning_rate"": 0.27051668818999286, ""subsample"": 0.9100531293444458, ""colsample_bytree"": 0.9757995766256756, ""reg_lambda"": 3.7958531426706403}"
0.9739130434782609,0.9629629629629629,0.9043478260869565,0.9327354260089686,Deep Neural Network,5.335916000069119,0.09473959996830672,0.9299719887955182,"{""units1"": 256, ""units2"": 160, ""dropout"": 0.2727780074568463, ""learning_rate"": 0.0003124565071260876, ""batch_size"": 32, ""epochs"": 38}"
0.9691304347826087,0.9351230425055929,0.908695652173913,0.9217199558985667,MLP,4.2165975999087095,0.0029061000095680356,0.9320817373545934,"{""hidden_layer_sizes"": [256, 128], ""alpha"": 6.516990611177177e-05, ""learning_rate_init"": 0.004544383960336014}"
